chr,pos,Aa.0,Ag.0,Ang.0,Bay.0,Bg.2,Bil.7,Bor.1,Bor.4,Br.0,Can.0,Cen.0,CIBC.17,Da.0,Dem.4,Dra.1,Dra2.1,Dra3.1,Duk,Edi.0,Eds.1,Ep.0,Est.1,Fei.0,Ga.0,Ge.0,Gie.0,Gr.1,Gy.0,Ha.0,Hod,Hov2.1,Is.0,Ka.0,Kno.10,Kno.18,Kondara,Lc.0,Ler.1,Liarum,Lis.1,LL.0,Lom1.1,Lp2.2,Lp2.6,Lu.1,Lz.0,Mir.0,Mr.0,Mrk.0,Na.1,Nok.3,Or.0,Ost.0,Oy.0,Per.1,Petergof,Pna.10,Pna.17,Pog.0,Pu2.23,Pu2.7,Pu2.8,Rak.2,Ren.1,Rev.1,Rmx.A02,RRS.7,Rsch.4,Rubezhnoe.1,San.2,Sap.0,Shahdara,Sorbo,Sq.1,St.0,Ste.0,Stw.0,Ta.0,Tamm.2,Tamm.27,Tottarp.2,Ts.5,Tsu.1,Tu.0,Ull2.3,Uod.1,Uod.7,Vimmerby,VinslA.v,WAR,Ws.0,Yo.0,Zdr.1,Zdr.6,Zu.1
IV,9575849,0,0,0,1,0,0,0,0,0,0,1,1,0,0,0,1,0,0,0,0,0,0,0,0,0,1,0,0,1,0,0,1,0,0,0,1,0,0,0,0,1,0,0,1,1,0,0,0,0,0,1,1,0,0,1,0,0,0,0,0,1,0,0,1,0,0,0,0,1,0,0,1,0,1,0,0,0,0,1,1,0,1,1,0,0,1,1,0,0,0,1,0,1,0,0
IV,9575937,0,0,1,1,0,0,0,0,0,1,1,1,0,0,0,1,1,0,1,0,0,0,1,0,0,1,1,1,1,1,1,1,1,0,0,1,0,0,1,0,1,0,0,1,1,0,1,0,1,0,1,1,1,0,1,1,0,0,0,0,1,1,1,1,0,0,0,1,1,0,0,1,0,1,0,0,1,0,1,1,0,1,1,1,0,1,1,1,1,0,1,0,1,0,0
IV,9576498,0,0,1,1,0,0,0,0,0,0,1,0,0,0,0,1,0,0,0,0,0,0,0,0,0,1,1,0,0,1,0,0,1,0,0,1,0,0,0,0,0,0,0,0,0,0,0,0,0,0,1,0,1,0,1,1,0,0,0,0,0,0,0,0,0,0,0,0,1,0,0,1,0,1,0,0,0,0,1,1,0,0,0,0,0,0,0,1,0,0,1,0,1,0,0
IV,9576524,1,1,0,0,1,0,1,1,0,0,0,1,1,1,0,0,0,0,0,1,1,1,0,0,1,0,0,0,0,0,1,0,1,1,1,0,0,1,0,0,0,1,1,0,0,1,0,0,0,1,0,0,1,0,0,1,1,1,1,0,0,0,0,0,1,1,0,0,1,1,0,0,0,0,0,1,0,0,1,1,1,0,0,0,1,0,0,1,0,0,1,1,0,0,1
IV,9576618,0,0,1,1,0,1,0,0,1,0,1,0,0,0,1,0,0,1,0,0,0,0,0,1,0,1,0,0,0,0,1,1,0,0,0,1,1,0,0,1,0,0,0,1,0,0,0,1,0,0,1,1,1,1,0,1,0,0,0,1,0,0,0,1,0,0,0,0,0,0,1,1,1,0,1,0,0,0,1,0,0,0,1,1,0,1,0,1,0,1,1,0,1,1,0
IV,9577298,1,1,0,0,1,0,1,1,0,1,0,1,1,1,0,0,0,0,0,1,1,1,1,0,1,0,0,0,1,0,0,0,0,1,1,0,0,1,0,0,1,1,1,0,1,1,1,0,0,1,0,0,0,0,1,0,1,1,1,0,1,1,1,0,1,1,1,1,0,1,0,0,1,1,0,1,1,1,0,0,1,1,0,0,1,0,1,0,0,0,0,1,0,0,1
IV,9577953,0,0,1,0,0,1,0,0,1,0,0,0,0,0,1,0,0,1,0,0,0,0,0,1,0,0,0,0,0,0,1,0,0,0,0,0,1,0,0,1,0,0,0,0,0,0,0,1,0,0,1,0,0,0,1,1,0,0,0,1,0,0,0,0,0,0,0,1,1,0,1,0,0,1,0,0,0,0,1,1,0,0,0,0,0,0,0,0,0,1,0,0,0,1,0
IV,9578326,0,0,1,1,0,0,0,0,0,0,1,0,0,0,0,0,0,0,0,1,1,0,0,0,1,1,1,0,1,1,1,0,1,0,0,1,0,0,0,0,0,0,0,0,0,0,0,0,0,0,1,0,0,0,1,0,0,1,1,0,0,0,0,0,0,0,0,1,0,0,0,1,0,1,0,0,0,0,0,0,0,0,0,0,0,0,0,0,0,0,0,0,1,0,0
IV,9578719,0,0,1,1,0,0,0,0,0,0,1,0,0,0,0,1,1,0,1,0,0,0,0,0,0,1,1,1,0,1,1,1,1,0,0,1,0,0,1,0,0,0,0,1,0,0,0,0,1,0,1,1,1,1,1,1,0,0,0,0,0,0,0,1,0,0,0,0,0,0,0,1,0,1,0,0,0,0,0,0,0,0,1,1,0,1,0,1,1,0,1,0,1,0,0
IV,9578749,0,0,1,1,0,0,0,0,0,0,1,0,0,0,0,0,1,0,1,0,0,0,0,0,0,1,0,1,0,1,1,1,1,0,0,1,0,0,1,0,0,0,0,1,0,0,0,0,1,0,1,1,1,1,1,1,0,0,0,0,0,0,0,1,0,0,0,0,0,0,0,1,0,1,0,0,0,0,0,0,0,0,1,1,0,1,0,1,1,0,1,0,1,0,0